<?xml version="1.0" encoding="ISO-8859-1" standalone="yes"?>
<TOPICSLIST>
	<TOPIC Name="Plastics" Card="0" Channel="0" Equipment="0" RefreshPeriod="200" Actif="1">
		<MODULE Tag_name_root="" IDModule="BOOLEAN" InputSize="" OutputSize="117">
			<ITEM Name="LifeBitSys" Syntaxe="%Q0" Offset="0"/><ITEM Name="UnusedSys" Syntaxe="%Q1" Offset="1"/><ITEM Name="A1210" Syntaxe="%Q2:8" Offset="2"/><ITEM Name="A1214" Syntaxe="%Q10:8" Offset="10"/><ITEM Name="A1216" Syntaxe="%Q18:8" Offset="18"/><ITEM Name="A1217" Syntaxe="%Q26:8" Offset="26"/><ITEM Name="A1218" Syntaxe="%Q34:4" Offset="34"/><ITEM Name="LifeBitUser" Syntaxe="%Q38" Offset="38"/><ITEM Name="UnusedUser" Syntaxe="%Q39" Offset="39"/><ITEM Name="A2210" Syntaxe="%Q40:8" Offset="40"/><ITEM Name="A1211" Syntaxe="%I48:8" Offset="48"/><ITEM Name="A1212" Syntaxe="%I56:8" Offset="56"/><ITEM Name="A1215" Syntaxe="%I64:8" Offset="64"/><ITEM Name="A1219" Syntaxe="%I72:4" Offset="72"/><ITEM Name="A1221" Syntaxe="%I76:2" Offset="76"/><ITEM Name="A1222" Syntaxe="%I78:2" Offset="78"/><ITEM Name="A1223" Syntaxe="%I80:2" Offset="80"/><ITEM Name="A1224" Syntaxe="%I82:2" Offset="82"/><ITEM Name="A1225" Syntaxe="%I84:2" Offset="84"/><ITEM Name="A2211" Syntaxe="%I86:8" Offset="86"/><ITEM Name="A2212" Syntaxe="%I94:8" Offset="94"/><ITEM Name="power" Syntaxe="%I102" Offset="102"/><ITEM Name="brakeSelect" Syntaxe="%I103" Offset="103"/><ITEM Name="door" Syntaxe="%I104" Offset="104"/><ITEM Name="estopES34" Syntaxe="%I105" Offset="105"/><ITEM Name="estopES12" Syntaxe="%I106" Offset="106"/><ITEM Name="estopMCP" Syntaxe="%I107" Offset="107"/><ITEM Name="limitSwitch" Syntaxe="%I108" Offset="108"/><ITEM Name="dDummy" Syntaxe="%I109:8" Offset="109"/></MODULE>
		<MODULE Tag_name_root="" IDModule="WORD" InputSize="" OutputSize="128">
			<ITEM Name="dummyWord" Syntaxe="%QD0:2" Offset="0"/><ITEM Name="A1213" Syntaxe="%QW4:4" Offset="4"/></MODULE>
	</TOPIC>
	<GENERAL_PARAMETERS TopicName="Plastics" TCP_Port="502" ConnectionNumber="4"/>
</TOPICSLIST>
